name,surname,email,mobile,groups,password
wides,wides,widesschoolfellows@filler.co.za,,reportviewer,wides
waybills,waybills,waybillstwas@filler.co.za,,reportviewer,waybills
snowbanks,snowbanks,snowbanksscrawniness@filler.co.za,,reportviewer,snowbanks
woodlots,woodlots,woodlotsnewsgirls@filler.co.za,,reportviewer,woodlots
woodsiness,woodsiness,woodsinesscommitteewomen@filler.co.za,,reportviewer,woodsiness
viewable,viewable,viewablecandlepower@filler.co.za,,reportviewer,viewable
waitstaff,waitstaff,waitstaffunwearied@filler.co.za,,reportviewer,waitstaff
twangiest,twangiest,twangiestbewitchingly@filler.co.za,,reportviewer,twangiest
wolfishly,wolfishly,wolfishlywidener@filler.co.za,,reportviewer,wolfishly
unwoven,unwoven,unwovenlukewarmness@filler.co.za,,reportviewer,unwoven
glassblowers,glassblowers,glassblowershoosegow@filler.co.za,,reportviewer,glassblowers
williwaw,williwaw,williwawzugzwang@filler.co.za,,reportviewer,williwaw
weakener,weakener,weakenersetscrews@filler.co.za,,reportviewer,weakener
barbwire,barbwire,barbwirepolewards@filler.co.za,,reportviewer,barbwire
reweaving,reweaving,reweavingwideners@filler.co.za,,reportviewer,reweaving
twinkly,twinkly,twinklytrowed@filler.co.za,,reportviewer,twinkly
bawd,bawd,bawdwordbook@filler.co.za,,reportviewer,bawd
lowermost,lowermost,lowermostdowered@filler.co.za,,reportviewer,lowermost
dewclaws,dewclaws,dewclawsplayfellow@filler.co.za,,reportviewer,dewclaws
alewives,alewives,alewivesswampland@filler.co.za,,reportviewer,alewives
wellheads,wellheads,wellheadswinkers@filler.co.za,,reportviewer,wellheads
unwedge,unwedge,unwedgewists@filler.co.za,,reportviewer,unwedge
snowbanks,snowbanks,snowbankslawmaking@filler.co.za,,reportviewer,snowbanks
flyways,flyways,flywayswoodlot@filler.co.za,,reportviewer,flyways
reweds,reweds,rewedsstraightway@filler.co.za,,reportviewer,reweds
dewiness,dewiness,dewinessrewed@filler.co.za,,reportviewer,dewiness
welsher,welsher,welsherweensiest@filler.co.za,,reportviewer,welsher
whipsawed,whipsawed,whipsawedtradeswoman@filler.co.za,,reportviewer,whipsawed
foreknows,foreknows,foreknowsweensiest@filler.co.za,,reportviewer,foreknows
waybills,waybills,waybillsworktables@filler.co.za,,reportviewer,waybills
shewn,shewn,shewnwinningly@filler.co.za,,reportviewer,shewn
roadsweepers,roadsweepers,roadsweepersoutdrawing@filler.co.za,,reportviewer,roadsweepers
whees,whees,wheesresowed@filler.co.za,,reportviewer,whees
thwacker,thwacker,thwackerswishy@filler.co.za,,reportviewer,thwacker
whipper,whipper,whipperembowers@filler.co.za,,reportviewer,whipper
upwelling,upwelling,upwellingdeathwatches@filler.co.za,,reportviewer,upwelling
weldable,weldable,weldablescrawly@filler.co.za,,reportviewer,weldable
wrights,wrights,wrightsembower@filler.co.za,,reportviewer,wrights
outdraw,outdraw,outdrawbrownness@filler.co.za,,reportviewer,outdraw
waggeries,waggeries,waggerieswains@filler.co.za,,reportviewer,waggeries
unwaveringly,unwaveringly,unwaveringlywists@filler.co.za,,reportviewer,unwaveringly
unawakened,unawakened,unawakenedwelsher@filler.co.za,,reportviewer,unawakened
steelwork,steelwork,steelworktollways@filler.co.za,,reportviewer,steelwork
flowchart,flowchart,flowchartflatworm@filler.co.za,,reportviewer,flowchart
winiest,winiest,winiestwained@filler.co.za,,reportviewer,winiest
trowing,trowing,trowingwaterbird@filler.co.za,,reportviewer,trowing
warningly,warningly,warninglyalewives@filler.co.za,,reportviewer,warningly
wobbliness,wobbliness,wobblinesswhitetail@filler.co.za,,reportviewer,wobbliness
growler,growler,growlerbrewpub@filler.co.za,,reportviewer,growler
yows,yows,yowscowled@filler.co.za,,reportviewer,yows
birdwatching,birdwatching,birdwatchinguncrowned@filler.co.za,,reportviewer,birdwatching
whipsawing,whipsawing,whipsawingbasswoods@filler.co.za,,reportviewer,whipsawing
sawbones,sawbones,sawboneslawbreaking@filler.co.za,,reportviewer,sawbones
outdrawn,outdrawn,outdrawncrewel@filler.co.za,,reportviewer,outdrawn
rewoven,rewoven,rewovenburrower@filler.co.za,,reportviewer,rewoven
goshawks,goshawks,goshawkswindrows@filler.co.za,,reportviewer,goshawks
woodcarver,woodcarver,woodcarverunhallowed@filler.co.za,,reportviewer,woodcarver
ownerships,ownerships,ownershipswebfoot@filler.co.za,,reportviewer,ownerships
rewarm,rewarm,rewarmpredawn@filler.co.za,,reportviewer,rewarm
awesomeness,awesomeness,awesomenessflatworm@filler.co.za,,reportviewer,awesomeness
weensier,weensier,weensierbestrewed@filler.co.za,,reportviewer,weensier
bowwowed,bowwowed,bowwowedwafflers@filler.co.za,,reportviewer,bowwowed
jowlier,jowlier,jowlierwaring@filler.co.za,,reportviewer,jowlier
cockcrows,cockcrows,cockcrowsreshow@filler.co.za,,reportviewer,cockcrows
unswappable,unswappable,unswappableyarrow@filler.co.za,,reportviewer,unswappable
whitiest,whitiest,whitiestembower@filler.co.za,,reportviewer,whitiest
swineherd,swineherd,swineherdwanglers@filler.co.za,,reportviewer,swineherd
dishware,dishware,dishwarewhitetails@filler.co.za,,reportviewer,dishware
downrange,downrange,downrangeburrowers@filler.co.za,,reportviewer,downrange
worthlessly,worthlessly,worthlesslywainwrights@filler.co.za,,reportviewer,worthlessly
basswoods,basswoods,basswoodsbackwardly@filler.co.za,,reportviewer,basswoods
wherewith,wherewith,wherewithwhipper@filler.co.za,,reportviewer,wherewith
hillwalking,hillwalking,hillwalkingswamplands@filler.co.za,,reportviewer,hillwalking
cassowaries,cassowaries,cassowariesbawd@filler.co.za,,reportviewer,cassowaries
downpipes,downpipes,downpipesworkingwoman@filler.co.za,,reportviewer,downpipes
regrowing,regrowing,regrowingyow@filler.co.za,,reportviewer,regrowing
jackstraws,jackstraws,jackstrawsresewing@filler.co.za,,reportviewer,jackstraws
dowered,dowered,doweredsawtooth@filler.co.za,,reportviewer,dowered
flatworm,flatworm,flatwormwhees@filler.co.za,,reportviewer,flatworm
twittery,twittery,twitterysawtooth@filler.co.za,,reportviewer,twittery
whizzbang,whizzbang,whizzbangwavily@filler.co.za,,reportviewer,whizzbang
wides,wides,wideswarmblooded@filler.co.za,,reportviewer,wides
microbrewery,microbrewery,microbreweryflyway@filler.co.za,,reportviewer,microbrewery
frontward,frontward,frontwardweakeners@filler.co.za,,reportviewer,frontward
windchill,windchill,windchillphews@filler.co.za,,reportviewer,windchill
crawlier,crawlier,crawlierwindings@filler.co.za,,reportviewer,crawlier
candlewicks,candlewicks,candlewicksindrawn@filler.co.za,,reportviewer,candlewicks
prizewinner,prizewinner,prizewinnerwilliwaws@filler.co.za,,reportviewer,prizewinner
wakings,wakings,wakingswrasses@filler.co.za,,reportviewer,wakings
setscrew,setscrew,setscrewweatherstripped@filler.co.za,,reportviewer,setscrew
strongbow,strongbow,strongbowwinnower@filler.co.za,,reportviewer,strongbow
unwindable,unwindable,unwindablewarmish@filler.co.za,,reportviewer,unwindable
crawdad,crawdad,crawdadwists@filler.co.za,,reportviewer,crawdad
reshowing,reshowing,reshowingindwells@filler.co.za,,reportviewer,reshowing
waterless,waterless,waterlesswinders@filler.co.za,,reportviewer,waterless
woodlot,woodlot,woodlotblameworthiness@filler.co.za,,reportviewer,woodlot
codewords,codewords,codewordsbasswoods@filler.co.za,,reportviewer,codewords
twangy,twangy,twangysnowbird@filler.co.za,,reportviewer,twangy
wordage,wordage,wordagewhitetails@filler.co.za,,reportviewer,wordage
kiwifruits,kiwifruits,kiwifruitsworldview@filler.co.za,,reportviewer,kiwifruits